<?xml version="1.0" encoding="UTF-8"?>
<beans xmlns="http://www.springframework.org/schema/beans"
	xmlns:xsi="http://www.w3.org/2001/XMLSchema-instance"
	xsi:schemaLocation="
http://www.springframework.org/schema/beans http://www.springframework.org/schema/beans/spring-beans-4.0.xsd">

<!-- 
	<bean id="MyXMLApp" class="com.journaldev.spring.di.consumer.MyXMLApplication">
		<constructor-arg>
			<bean class="com.journaldev.spring.di.services.TwitterService" />
		</constructor-arg>
	</bean>
-->
	<bean id="twitter" class="com.journaldev.spring.di.services.TwitterService"></bean>
	
	<bean id="email" class="com.journaldev.spring.di.services.EmailService"></bean>
	<bean id="MyXMLApp" class="com.journaldev.spring.di.consumer.MyXMLApplication">
		<!-- <property name="service" ref="email"></property> -->
		 <property name="service" ref="twitter"></property>
	</bean>
</beans>